META,tick_hz,128
TIME,leak,malloc,128,50,50,OK,1,0
TIME,leak,malloc,128,51,51,OK,2,0
TIME,leak,malloc,128,52,52,OK,3,0
TIME,leak,malloc,128,53,53,OK,4,0
TIME,leak,malloc,128,54,54,OK,5,0
TIME,leak,malloc,128,55,55,OK,6,0
TIME,leak,malloc,128,55,55,OK,7,0
TIME,leak,malloc,128,56,56,OK,8,0
TIME,leak,malloc,128,57,57,OK,9,0
TIME,leak,malloc,128,58,58,OK,10,0
TIME,leak,malloc,128,59,59,OK,11,0
TIME,leak,malloc,128,60,60,OK,12,0
TIME,leak,malloc,128,61,61,OK,13,0
TIME,leak,malloc,128,62,62,OK,14,0
TIME,leak,malloc,128,63,63,OK,15,0
TIME,leak,malloc,128,64,64,OK,16,0
TIME,leak,malloc,128,64,64,OK,17,0
TIME,leak,malloc,128,65,65,OK,18,0
TIME,leak,malloc,128,66,66,OK,19,0
TIME,leak,malloc,128,67,67,OK,20,0
TIME,leak,malloc,128,68,68,OK,21,0
TIME,leak,malloc,128,69,69,OK,22,0
TIME,leak,malloc,128,70,70,OK,23,0
TIME,leak,malloc,128,71,71,OK,24,0
TIME,leak,malloc,128,72,72,OK,25,0
TIME,leak,malloc,128,73,73,OK,26,0
TIME,leak,malloc,128,74,74,OK,27,0
TIME,leak,malloc,128,74,74,OK,28,0
TIME,leak,malloc,128,75,75,OK,29,0
TIME,leak,malloc,128,76,76,OK,30,0
TIME,leak,malloc,128,77,77,OK,31,0
TIME,leak,malloc,128,78,78,OK,32,0
TIME,leak,malloc,128,79,79,OK,33,0
TIME,leak,malloc,128,80,80,OK,34,0
TIME,leak,malloc,128,81,81,OK,35,0
TIME,leak,malloc,128,82,82,OK,36,0
TIME,leak,malloc,128,83,83,OK,37,0
TIME,leak,malloc,128,83,83,OK,38,0
TIME,leak,malloc,128,84,84,OK,39,0
TIME,leak,malloc,128,85,85,OK,40,0
TIME,leak,malloc,128,86,86,OK,41,0
TIME,leak,malloc,128,87,87,OK,42,0
TIME,leak,malloc,128,88,88,OK,43,0
TIME,leak,malloc,128,89,89,OK,44,0
TIME,leak,malloc,128,90,90,OK,45,0
TIME,leak,malloc,128,91,91,OK,46,0
TIME,leak,malloc,128,92,92,OK,47,0
TIME,leak,malloc,128,93,93,OK,48,0
TIME,leak,malloc,128,93,93,OK,49,0
TIME,leak,malloc,128,94,94,OK,50,0
TIME,leak,malloc,128,95,95,OK,51,0
TIME,leak,malloc,128,96,96,OK,52,0
TIME,leak,malloc,128,97,97,OK,53,0
TIME,leak,malloc,128,98,98,OK,54,0
TIME,leak,malloc,128,99,99,OK,55,0
TIME,leak,malloc,128,100,100,OK,56,0
TIME,leak,malloc,128,101,101,OK,57,0
TIME,leak,malloc,128,102,102,OK,58,0
TIME,leak,malloc,128,103,103,OK,59,0
TIME,leak,malloc,128,103,103,OK,60,0
TIME,leak,malloc,128,104,104,OK,61,0
TIME,leak,malloc,128,105,105,OK,62,0
TIME,leak,malloc,128,106,106,OK,63,0
TIME,leak,malloc,128,107,107,OK,64,0
TIME,leak,malloc,128,108,108,OK,65,0
TIME,leak,malloc,128,109,109,OK,66,0
TIME,leak,malloc,128,110,110,OK,67,0
TIME,leak,malloc,128,111,111,OK,68,0
TIME,leak,malloc,128,112,112,OK,69,0
TIME,leak,malloc,128,113,113,OK,70,0
TIME,leak,malloc,128,114,114,OK,71,0
TIME,leak,malloc,128,115,115,OK,72,0
TIME,leak,malloc,128,116,116,OK,73,0
TIME,leak,malloc,128,116,116,OK,74,0
TIME,leak,malloc,128,117,117,OK,75,0
TIME,leak,malloc,128,118,118,OK,76,0
TIME,leak,malloc,128,119,119,OK,77,0
TIME,leak,malloc,128,120,120,OK,78,0
TIME,leak,malloc,128,121,121,OK,79,0
TIME,leak,malloc,128,122,122,OK,80,0
TIME,leak,malloc,128,123,123,OK,81,0
TIME,leak,malloc,128,124,124,OK,82,0
TIME,leak,malloc,128,125,125,OK,83,0
TIME,leak,malloc,128,126,126,OK,84,0
TIME,leak,malloc,128,127,127,OK,85,0
TIME,leak,malloc,128,128,128,OK,86,0
TIME,leak,malloc,128,129,129,OK,87,0
TIME,leak,malloc,128,129,129,OK,88,0
TIME,leak,malloc,128,130,130,OK,89,0
TIME,leak,malloc,128,131,131,OK,90,0
TIME,leak,malloc,128,132,132,OK,91,0
TIME,leak,malloc,128,133,133,OK,92,0
TIME,leak,malloc,128,134,134,OK,93,0
TIME,leak,malloc,128,135,135,OK,94,0
TIME,leak,malloc,128,136,136,OK,95,0
TIME,leak,malloc,128,137,137,OK,96,0
TIME,leak,malloc,128,138,138,OK,97,0
TIME,leak,malloc,128,139,139,OK,98,0
TIME,leak,malloc,128,140,140,OK,99,0
TIME,leak,malloc,128,141,141,OK,100,0
TIME,leak,malloc,128,142,142,OK,101,0
TIME,leak,malloc,128,143,143,OK,102,0
TIME,leak,malloc,128,143,143,OK,103,0
TIME,leak,malloc,128,144,144,OK,104,0
TIME,leak,malloc,128,145,145,OK,105,0
TIME,leak,malloc,128,146,146,OK,106,0
TIME,leak,malloc,128,147,147,OK,107,0
TIME,leak,malloc,128,148,148,OK,108,0
TIME,leak,malloc,128,149,149,OK,109,0
TIME,leak,malloc,128,150,150,OK,110,0
