META,tick_hz,1000000
SNAP,baseline,32768,0,0
TIME,leakloop,malloc,128,11872,11874,OK,1,0
TIME,leakloop,malloc,128,15811,15814,OK,2,0
TIME,leakloop,malloc,128,19751,19754,OK,3,0
TIME,leakloop,malloc,128,23691,23694,OK,4,0
TIME,leakloop,malloc,128,27631,27634,OK,5,0
TIME,leakloop,malloc,128,31572,31574,OK,6,0
TIME,leakloop,malloc,128,35512,35514,OK,7,0
TIME,leakloop,malloc,128,39452,39454,OK,8,0
TIME,leakloop,malloc,128,43392,43394,OK,9,0
TIME,leakloop,malloc,128,47332,47334,OK,10,0
TIME,leakloop,malloc,128,51360,51362,OK,11,0
TIME,leakloop,malloc,128,55388,55390,OK,12,0
TIME,leakloop,malloc,128,59416,59419,OK,13,0
TIME,leakloop,malloc,128,63444,63447,OK,14,0
TIME,leakloop,malloc,128,67472,67475,OK,15,0
TIME,leakloop,malloc,128,71500,71503,OK,16,0
TIME,leakloop,malloc,128,75528,75531,OK,17,0
TIME,leakloop,malloc,128,79556,79559,OK,18,0
TIME,leakloop,malloc,128,83584,83587,OK,19,0
TIME,leakloop,malloc,128,87612,87615,OK,20,0
TIME,leakloop,malloc,128,91641,91643,OK,21,0
TIME,leakloop,malloc,128,95669,95671,OK,22,0
TIME,leakloop,malloc,128,99698,99700,OK,23,0
TIME,leakloop,malloc,128,103726,103728,OK,24,0
TIME,leakloop,malloc,128,107931,107933,OK,25,0
TIME,leakloop,malloc,128,112136,112138,OK,26,0
TIME,leakloop,malloc,128,116340,116343,OK,27,0
TIME,leakloop,malloc,128,120545,120547,OK,28,0
TIME,leakloop,malloc,128,124749,124752,OK,29,0
TIME,leakloop,malloc,128,128954,128957,OK,30,0
TIME,leakloop,malloc,128,133159,133162,OK,31,0
TIME,leakloop,malloc,128,137364,137366,OK,32,0
TIME,leakloop,malloc,128,141569,141571,OK,33,0
TIME,leakloop,malloc,128,145774,145776,OK,34,0
TIME,leakloop,malloc,128,149978,149981,OK,35,0
TIME,leakloop,malloc,128,154183,154186,OK,36,0
TIME,leakloop,malloc,128,158388,158391,OK,37,0
TIME,leakloop,malloc,128,162593,162596,OK,38,0
TIME,leakloop,malloc,128,166798,166801,OK,39,0
TIME,leakloop,malloc,128,171003,171006,OK,40,0
TIME,leakloop,malloc,128,175208,175210,OK,41,0
TIME,leakloop,malloc,128,179413,179415,OK,42,0
TIME,leakloop,malloc,128,183618,183620,OK,43,0
TIME,leakloop,malloc,128,187822,187825,OK,44,0
TIME,leakloop,malloc,128,192027,192030,OK,45,0
TIME,leakloop,malloc,128,196232,196235,OK,46,0
TIME,leakloop,malloc,128,200437,200439,OK,47,0
TIME,leakloop,malloc,128,204642,204644,OK,48,0
TIME,leakloop,malloc,128,208847,208849,OK,49,0
TIME,leakloop,malloc,128,213052,213054,OK,50,0
TIME,leakloop,malloc,128,217257,217259,OK,51,0
TIME,leakloop,malloc,128,221462,221464,OK,52,0
TIME,leakloop,malloc,128,225667,225669,OK,53,0
TIME,leakloop,malloc,128,229872,229874,OK,54,0
TIME,leakloop,malloc,128,234077,234079,OK,55,0
TIME,leakloop,malloc,128,238282,238284,OK,56,0
TIME,leakloop,malloc,128,242487,242489,OK,57,0
TIME,leakloop,malloc,128,246692,246694,OK,58,0
TIME,leakloop,malloc,128,250897,250899,OK,59,0
TIME,leakloop,malloc,128,255101,255104,OK,60,0
TIME,leakloop,malloc,128,259306,259309,OK,61,0
TIME,leakloop,malloc,128,263511,263514,OK,62,0
TIME,leakloop,malloc,128,267716,267719,OK,63,0
TIME,leakloop,malloc,128,271921,271923,OK,64,0
TIME,leakloop,malloc,128,276126,276128,OK,65,0
TIME,leakloop,malloc,128,280331,280333,OK,66,0
TIME,leakloop,malloc,128,284536,284538,OK,67,0
TIME,leakloop,malloc,128,288741,288743,OK,68,0
TIME,leakloop,malloc,128,292946,292948,OK,69,0
TIME,leakloop,malloc,128,297151,297153,OK,70,0
TIME,leakloop,malloc,128,301356,301358,OK,71,0
TIME,leakloop,malloc,128,305561,305563,OK,72,0
TIME,leakloop,malloc,128,309766,309768,OK,73,0
TIME,leakloop,malloc,128,313971,313973,OK,74,0
TIME,leakloop,malloc,128,318176,318178,OK,75,0
TIME,leakloop,malloc,128,322381,322383,OK,76,0
TIME,leakloop,malloc,128,326586,326588,OK,77,0
TIME,leakloop,malloc,128,330791,330793,OK,78,0
TIME,leakloop,malloc,128,334995,334998,OK,79,0
TIME,leakloop,malloc,128,339200,339203,OK,80,0
TIME,leakloop,malloc,128,343405,343407,OK,81,0
TIME,leakloop,malloc,128,347610,347613,OK,82,0
TIME,leakloop,malloc,128,351815,351817,OK,83,0
TIME,leakloop,malloc,128,356020,356022,OK,84,0
TIME,leakloop,malloc,128,360225,360227,OK,85,0
TIME,leakloop,malloc,128,364430,364432,OK,86,0
TIME,leakloop,malloc,128,368635,368637,OK,87,0
TIME,leakloop,malloc,128,372840,372842,OK,88,0
TIME,leakloop,malloc,128,377045,377047,OK,89,0
TIME,leakloop,malloc,128,381250,381252,OK,90,0
TIME,leakloop,malloc,128,385455,385457,OK,91,0
TIME,leakloop,malloc,128,389660,389662,OK,92,0
TIME,leakloop,malloc,128,393865,393867,OK,93,0
TIME,leakloop,malloc,128,398069,398072,OK,94,0
TIME,leakloop,malloc,128,402275,402277,OK,95,0
TIME,leakloop,malloc,128,406479,406482,OK,96,0
TIME,leakloop,malloc,128,410684,410687,OK,97,0
TIME,leakloop,malloc,128,414889,414892,OK,98,0
TIME,leakloop,malloc,128,419094,419096,OK,99,0
TIME,leakloop,malloc,128,423299,423301,OK,100,0
TIME,leakloop,malloc,128,427592,427594,OK,101,0
TIME,leakloop,malloc,128,431885,431887,OK,102,0
TIME,leakloop,malloc,128,436178,436180,OK,103,0
TIME,leakloop,malloc,128,440471,440473,OK,104,0
TIME,leakloop,malloc,128,444764,444766,OK,105,0
TIME,leakloop,malloc,128,449057,449059,OK,106,0
TIME,leakloop,malloc,128,453350,453352,OK,107,0
TIME,leakloop,malloc,128,457642,457645,OK,108,0
TIME,leakloop,malloc,128,461935,461938,OK,109,0
TIME,leakloop,malloc,128,466228,466231,OK,110,0
TIME,leakloop,malloc,128,470521,470523,OK,111,0
TIME,leakloop,malloc,128,474814,474816,OK,112,0
TIME,leakloop,malloc,128,479107,479109,OK,113,0
TIME,leakloop,malloc,128,483400,483402,OK,114,0
TIME,leakloop,malloc,128,487693,487695,OK,115,0
TIME,leakloop,malloc,128,491986,491988,OK,116,0
TIME,leakloop,malloc,128,496279,496281,OK,117,0
TIME,leakloop,malloc,128,500572,500574,OK,118,0
TIME,leakloop,malloc,128,504864,504867,OK,119,0
TIME,leakloop,malloc,128,509157,509160,OK,120,0
TIME,leakloop,malloc,128,513450,513452,OK,121,0
TIME,leakloop,malloc,128,517743,517745,OK,122,0
TIME,leakloop,malloc,128,522036,522038,OK,123,0
TIME,leakloop,malloc,128,526329,526331,OK,124,0
TIME,leakloop,malloc,128,530622,530624,OK,125,0
TIME,leakloop,malloc,128,534915,534917,OK,126,0
TIME,leakloop,malloc,128,539208,539211,OK,127,0
TIME,leakloop,malloc,128,543501,543504,OK,128,0
TIME,leakloop,malloc,128,547795,547797,OK,129,0
TIME,leakloop,malloc,128,552087,552090,OK,130,0
TIME,leakloop,malloc,128,556380,556383,OK,131,0
TIME,leakloop,malloc,128,560674,560676,OK,132,0
TIME,leakloop,malloc,128,564966,564969,OK,133,0
TIME,leakloop,malloc,128,569259,569262,OK,134,0
TIME,leakloop,malloc,128,573553,573555,OK,135,0
TIME,leakloop,malloc,128,577846,577848,OK,136,0
TIME,leakloop,malloc,128,582138,582141,OK,137,0
TIME,leakloop,malloc,128,586432,586434,OK,138,0
TIME,leakloop,malloc,128,590725,590727,OK,139,0
TIME,leakloop,malloc,128,595018,595020,OK,140,0
TIME,leakloop,malloc,128,599311,599313,OK,141,0
TIME,leakloop,malloc,128,603604,603606,OK,142,0
TIME,leakloop,malloc,128,607897,607899,OK,143,0
TIME,leakloop,malloc,128,612190,612192,OK,144,0
TIME,leakloop,malloc,128,616483,616485,OK,145,0
TIME,leakloop,malloc,128,620776,620779,OK,146,0
TIME,leakloop,malloc,128,625069,625071,OK,147,0
TIME,leakloop,malloc,128,629362,629365,OK,148,0
TIME,leakloop,malloc,128,633655,633658,OK,149,0
TIME,leakloop,malloc,128,637948,637951,OK,150,0
TIME,leakloop,malloc,128,642242,642244,OK,151,0
TIME,leakloop,malloc,128,646534,646537,OK,152,0
TIME,leakloop,malloc,128,650827,650830,OK,153,0
TIME,leakloop,malloc,128,655121,655123,OK,154,0
TIME,leakloop,malloc,128,659414,659416,OK,155,0
TIME,leakloop,malloc,128,663707,663709,OK,156,0
TIME,leakloop,malloc,128,668000,668002,OK,157,0
TIME,leakloop,malloc,128,672293,672295,OK,158,0
TIME,leakloop,malloc,128,676586,676588,OK,159,0
TIME,leakloop,malloc,128,680879,680881,OK,160,0
TIME,leakloop,malloc,128,685172,685174,OK,161,0
TIME,leakloop,malloc,128,689465,689468,OK,162,0
TIME,leakloop,malloc,128,693759,693761,OK,163,0
TIME,leakloop,malloc,128,698051,698054,OK,164,0
TIME,leakloop,malloc,128,702344,702346,OK,165,0
TIME,leakloop,malloc,128,706637,706639,OK,166,0
TIME,leakloop,malloc,128,710930,710933,OK,167,0
TIME,leakloop,malloc,128,715223,715226,OK,168,0
TIME,leakloop,malloc,128,719516,719519,OK,169,0
TIME,leakloop,malloc,128,723810,723812,OK,170,0
TIME,leakloop,malloc,128,728103,728105,OK,171,0
TIME,leakloop,malloc,128,732396,732398,OK,172,0
TIME,leakloop,malloc,128,736689,736691,OK,173,0
TIME,leakloop,malloc,128,740982,740984,OK,174,0
TIME,leakloop,malloc,128,745275,745277,OK,175,0
TIME,leakloop,malloc,128,749568,749570,OK,176,0
TIME,leakloop,malloc,128,753861,753864,OK,177,0
TIME,leakloop,malloc,128,758155,758157,OK,178,0
TIME,leakloop,malloc,128,762447,762450,OK,179,0
TIME,leakloop,malloc,128,766740,766743,OK,180,0
TIME,leakloop,malloc,128,771034,771036,OK,181,0
TIME,leakloop,malloc,128,775326,775329,OK,182,0
TIME,leakloop,malloc,128,779619,779622,OK,183,0
TIME,leakloop,malloc,128,783913,783915,OK,184,0
TIME,leakloop,malloc,128,788206,788208,OK,185,0
TIME,leakloop,malloc,128,792498,792501,OK,186,0
TIME,leakloop,malloc,128,796791,796794,OK,187,0
TIME,leakloop,malloc,128,801085,801087,OK,188,0
TIME,leakloop,malloc,128,805378,805380,OK,189,0
TIME,leakloop,malloc,128,809671,809674,OK,190,0
TIME,leakloop,malloc,128,813965,813967,OK,191,0
TIME,leakloop,malloc,128,818258,818261,OK,192,0
TIME,leakloop,malloc,128,822552,822554,OK,193,0
TIME,leakloop,malloc,128,826845,826847,OK,194,0
TIME,leakloop,malloc,128,831138,831141,OK,195,0
TIME,leakloop,malloc,128,835432,835434,OK,196,0
TIME,leakloop,malloc,128,839725,839728,OK,197,0
TIME,leakloop,malloc,128,844019,844021,OK,198,0
TIME,leakloop,malloc,128,848312,848314,OK,199,0
TIME,leakloop,malloc,128,852605,852607,OK,200,0
TIME,leakloop,malloc,128,856898,856900,OK,201,0
TIME,leakloop,malloc,128,861192,861194,OK,202,0
TIME,leakloop,malloc,128,865485,865487,OK,203,0
TIME,leakloop,malloc,128,869778,869781,OK,204,0
TIME,leakloop,malloc,128,874072,874074,OK,205,0
TIME,leakloop,malloc,128,878365,878367,OK,206,0
TIME,leakloop,malloc,128,882659,882661,OK,207,0
TIME,leakloop,malloc,128,886952,886954,OK,208,0
TIME,leakloop,malloc,128,891245,891248,OK,209,0
TIME,leakloop,malloc,128,895539,895541,OK,210,0
TIME,leakloop,malloc,128,899832,899834,OK,211,0
TIME,leakloop,malloc,128,904126,904128,OK,212,0
TIME,leakloop,malloc,128,908419,908421,OK,213,0
TIME,leakloop,malloc,128,912712,912715,OK,214,0
TIME,leakloop,malloc,128,917006,917008,OK,215,0
TIME,leakloop,malloc,128,921299,921301,OK,216,0
TIME,leakloop,malloc,128,925592,925595,OK,217,0
TIME,leakloop,malloc,128,929886,929888,OK,218,0
TIME,leakloop,malloc,128,934179,934182,OK,219,0
TIME,leakloop,malloc,128,938473,938475,OK,220,0
TIME,leakloop,malloc,128,942766,942768,OK,221,0
TIME,leakloop,malloc,128,947059,947062,OK,222,0
TIME,leakloop,malloc,128,951353,951355,OK,223,0
TIME,leakloop,malloc,128,955646,955649,OK,224,0
TIME,leakloop,malloc,128,959940,959942,OK,225,0
TIME,leakloop,malloc,128,964233,964235,OK,226,0
TIME,leakloop,malloc,128,968526,968529,OK,227,0
TIME,leakloop,malloc,128,972820,972822,OK,228,0
TIME,leakloop,malloc,128,977113,977116,OK,229,0
TIME,leakloop,malloc,128,981407,981409,OK,230,0
TIME,leakloop,malloc,128,985700,985702,OK,231,0
TIME,leakloop,malloc,128,989993,989996,OK,232,0
TIME,leakloop,malloc,128,994287,994289,OK,233,0
TIME,leakloop,malloc,128,998580,998582,OK,234,0
TIME,leakloop,malloc,128,1002874,1002876,OK,235,0
TIME,leakloop,malloc,128,1007343,1007346,OK,236,0
TIME,leakloop,malloc,128,1011813,1011815,OK,237,0
TIME,leakloop,malloc,128,1016283,1016285,OK,238,0
TIME,leakloop,malloc,128,1020753,1020755,OK,239,0
TIME,leakloop,malloc,128,1025222,1025225,OK,240,0
TIME,leakloop,malloc,128,1029692,1029694,OK,241,0
TIME,leakloop,malloc,128,1034162,1034164,OK,242,0
TIME,leakloop,malloc,128,1038632,1038634,OK,243,0
TIME,leakloop,malloc,128,1043101,1043104,OK,244,0
TIME,leakloop,malloc,128,1047571,1047573,OK,245,0
TIME,leakloop,malloc,128,1052041,1052043,OK,246,0
TIME,leakloop,malloc,128,1056511,1056513,OK,247,0
TIME,leakloop,malloc,128,1060980,1060983,OK,248,0
TIME,leakloop,malloc,128,1065450,1065452,OK,249,0
TIME,leakloop,malloc,128,1069920,1069922,OK,250,0
TIME,leakloop,malloc,128,1074390,1074392,OK,251,0
TIME,leakloop,malloc,128,1078859,1078862,OK,252,0
TIME,leakloop,malloc,128,1083329,1083331,OK,253,0
TIME,leakloop,malloc,128,1087799,1087801,OK,254,0
TIME,leakloop,malloc,128,1092269,1092271,OK,255,0
TIME,leakloop,malloc,128,1096738,1096741,OK,256,0
TIME,leakloop,malloc,128,1101208,1101211,NULL,256,0
FAULT,1105854,0xDEAD,OOM
SNAP,after_leakloop_exhaustion,0,32768,32768
TIME,cleanup,free,128,1112106,1112108,OK,256,1
TIME,cleanup,free,128,1116311,1116313,OK,256,2
TIME,cleanup,free,128,1120516,1120518,OK,256,3
TIME,cleanup,free,128,1124721,1124723,OK,256,4
TIME,cleanup,free,128,1128925,1128928,OK,256,5
TIME,cleanup,free,128,1133130,1133133,OK,256,6
TIME,cleanup,free,128,1137335,1137337,OK,256,7
TIME,cleanup,free,128,1141540,1141543,OK,256,8
TIME,cleanup,free,128,1145745,1145747,OK,256,9
TIME,cleanup,free,128,1149950,1149952,OK,256,10
TIME,cleanup,free,128,1154244,1154246,OK,256,11
TIME,cleanup,free,128,1158537,1158539,OK,256,12
TIME,cleanup,free,128,1162830,1162832,OK,256,13
TIME,cleanup,free,128,1167124,1167126,OK,256,14
TIME,cleanup,free,128,1171417,1171419,OK,256,15
TIME,cleanup,free,128,1175711,1175713,OK,256,16
TIME,cleanup,free,128,1180004,1180006,OK,256,17
TIME,cleanup,free,128,1184297,1184300,OK,256,18
TIME,cleanup,free,128,1188591,1188593,OK,256,19
TIME,cleanup,free,128,1192884,1192886,OK,256,20
TIME,cleanup,free,128,1197177,1197180,OK,256,21
TIME,cleanup,free,128,1201471,1201473,OK,256,22
TIME,cleanup,free,128,1205764,1205766,OK,256,23
TIME,cleanup,free,128,1210058,1210060,OK,256,24
TIME,cleanup,free,128,1214351,1214353,OK,256,25
TIME,cleanup,free,128,1218644,1218647,OK,256,26
TIME,cleanup,free,128,1222938,1222940,OK,256,27
TIME,cleanup,free,128,1227231,1227233,OK,256,28
TIME,cleanup,free,128,1231525,1231527,OK,256,29
TIME,cleanup,free,128,1235818,1235820,OK,256,30
TIME,cleanup,free,128,1240111,1240114,OK,256,31
TIME,cleanup,free,128,1244405,1244407,OK,256,32
TIME,cleanup,free,128,1248698,1248700,OK,256,33
TIME,cleanup,free,128,1252992,1252994,OK,256,34
TIME,cleanup,free,128,1257285,1257287,OK,256,35
TIME,cleanup,free,128,1261578,1261581,OK,256,36
TIME,cleanup,free,128,1265872,1265874,OK,256,37
TIME,cleanup,free,128,1270165,1270167,OK,256,38
TIME,cleanup,free,128,1274459,1274461,OK,256,39
TIME,cleanup,free,128,1278752,1278754,OK,256,40
TIME,cleanup,free,128,1283045,1283048,OK,256,41
TIME,cleanup,free,128,1287339,1287341,OK,256,42
TIME,cleanup,free,128,1291632,1291634,OK,256,43
TIME,cleanup,free,128,1295925,1295928,OK,256,44
TIME,cleanup,free,128,1300219,1300221,OK,256,45
TIME,cleanup,free,128,1304512,1304515,OK,256,46
TIME,cleanup,free,128,1308806,1308808,OK,256,47
TIME,cleanup,free,128,1313099,1313101,OK,256,48
TIME,cleanup,free,128,1317392,1317395,OK,256,49
TIME,cleanup,free,128,1321686,1321688,OK,256,50
TIME,cleanup,free,128,1325979,1325982,OK,256,51
TIME,cleanup,free,128,1330273,1330275,OK,256,52
TIME,cleanup,free,128,1334566,1334568,OK,256,53
TIME,cleanup,free,128,1338859,1338862,OK,256,54
TIME,cleanup,free,128,1343153,1343155,OK,256,55
TIME,cleanup,free,128,1347446,1347448,OK,256,56
TIME,cleanup,free,128,1351740,1351742,OK,256,57
TIME,cleanup,free,128,1356033,1356035,OK,256,58
TIME,cleanup,free,128,1360327,1360329,OK,256,59
TIME,cleanup,free,128,1364620,1364622,OK,256,60
TIME,cleanup,free,128,1368913,1368915,OK,256,61
TIME,cleanup,free,128,1373207,1373209,OK,256,62
TIME,cleanup,free,128,1377500,1377502,OK,256,63
TIME,cleanup,free,128,1381793,1381796,OK,256,64
TIME,cleanup,free,128,1386087,1386089,OK,256,65
TIME,cleanup,free,128,1390380,1390382,OK,256,66
TIME,cleanup,free,128,1394674,1394676,OK,256,67
TIME,cleanup,free,128,1398967,1398969,OK,256,68
TIME,cleanup,free,128,1403260,1403263,OK,256,69
TIME,cleanup,free,128,1407554,1407556,OK,256,70
TIME,cleanup,free,128,1411847,1411849,OK,256,71
TIME,cleanup,free,128,1416141,1416143,OK,256,72
TIME,cleanup,free,128,1420434,1420436,OK,256,73
TIME,cleanup,free,128,1424727,1424730,OK,256,74
TIME,cleanup,free,128,1429021,1429023,OK,256,75
TIME,cleanup,free,128,1433314,1433316,OK,256,76
TIME,cleanup,free,128,1437608,1437610,OK,256,77
TIME,cleanup,free,128,1441901,1441903,OK,256,78
TIME,cleanup,free,128,1446202,1446204,OK,256,79
TIME,cleanup,free,128,1450495,1450497,OK,256,80
TIME,cleanup,free,128,1454789,1454791,OK,256,81
TIME,cleanup,free,128,1459082,1459084,OK,256,82
TIME,cleanup,free,128,1463375,1463378,OK,256,83
TIME,cleanup,free,128,1467669,1467671,OK,256,84
TIME,cleanup,free,128,1471962,1471964,OK,256,85
TIME,cleanup,free,128,1476256,1476258,OK,256,86
TIME,cleanup,free,128,1480549,1480551,OK,256,87
TIME,cleanup,free,128,1484842,1484845,OK,256,88
TIME,cleanup,free,128,1489136,1489138,OK,256,89
TIME,cleanup,free,128,1493429,1493431,OK,256,90
TIME,cleanup,free,128,1497723,1497725,OK,256,91
TIME,cleanup,free,128,1502016,1502018,OK,256,92
TIME,cleanup,free,128,1506309,1506312,OK,256,93
TIME,cleanup,free,128,1510603,1510605,OK,256,94
TIME,cleanup,free,128,1514896,1514898,OK,256,95
TIME,cleanup,free,128,1519190,1519192,OK,256,96
TIME,cleanup,free,128,1523483,1523485,OK,256,97
TIME,cleanup,free,128,1527776,1527779,OK,256,98
TIME,cleanup,free,128,1532070,1532072,OK,256,99
TIME,cleanup,free,128,1536363,1536365,OK,256,100
TIME,cleanup,free,128,1540744,1540747,OK,256,101
TIME,cleanup,free,128,1545126,1545128,OK,256,102
TIME,cleanup,free,128,1549507,1549509,OK,256,103
TIME,cleanup,free,128,1553888,1553891,OK,256,104
TIME,cleanup,free,128,1558270,1558272,OK,256,105
TIME,cleanup,free,128,1562651,1562654,OK,256,106
TIME,cleanup,free,128,1567033,1567035,OK,256,107
TIME,cleanup,free,128,1571414,1571416,OK,256,108
TIME,cleanup,free,128,1575795,1575798,OK,256,109
TIME,cleanup,free,128,1580177,1580179,OK,256,110
TIME,cleanup,free,128,1584558,1584560,OK,256,111
TIME,cleanup,free,128,1588939,1588942,OK,256,112
TIME,cleanup,free,128,1593321,1593323,OK,256,113
TIME,cleanup,free,128,1597702,1597705,OK,256,114
TIME,cleanup,free,128,1602084,1602086,OK,256,115
TIME,cleanup,free,128,1606465,1606467,OK,256,116
TIME,cleanup,free,128,1610846,1610848,OK,256,117
TIME,cleanup,free,128,1615228,1615230,OK,256,118
TIME,cleanup,free,128,1619609,1619611,OK,256,119
TIME,cleanup,free,128,1623990,1623992,OK,256,120
TIME,cleanup,free,128,1628372,1628374,OK,256,121
TIME,cleanup,free,128,1632753,1632755,OK,256,122
TIME,cleanup,free,128,1637135,1637137,OK,256,123
TIME,cleanup,free,128,1641517,1641519,OK,256,124
TIME,cleanup,free,128,1645898,1645900,OK,256,125
TIME,cleanup,free,128,1650279,1650281,OK,256,126
TIME,cleanup,free,128,1654660,1654663,OK,256,127
TIME,cleanup,free,128,1659042,1659044,OK,256,128
TIME,cleanup,free,128,1663423,1663425,OK,256,129
TIME,cleanup,free,128,1667805,1667807,OK,256,130
TIME,cleanup,free,128,1672186,1672188,OK,256,131
TIME,cleanup,free,128,1676568,1676570,OK,256,132
TIME,cleanup,free,128,1680949,1680951,OK,256,133
TIME,cleanup,free,128,1685331,1685333,OK,256,134
TIME,cleanup,free,128,1689712,1689714,OK,256,135
TIME,cleanup,free,128,1694094,1694096,OK,256,136
TIME,cleanup,free,128,1698475,1698477,OK,256,137
TIME,cleanup,free,128,1702856,1702859,OK,256,138
TIME,cleanup,free,128,1707238,1707240,OK,256,139
TIME,cleanup,free,128,1711619,1711621,OK,256,140
TIME,cleanup,free,128,1716001,1716003,OK,256,141
TIME,cleanup,free,128,1720383,1720385,OK,256,142
TIME,cleanup,free,128,1724765,1724767,OK,256,143
TIME,cleanup,free,128,1729146,1729148,OK,256,144
TIME,cleanup,free,128,1733528,1733530,OK,256,145
TIME,cleanup,free,128,1737909,1737911,OK,256,146
TIME,cleanup,free,128,1742291,1742293,OK,256,147
TIME,cleanup,free,128,1746673,1746675,OK,256,148
TIME,cleanup,free,128,1751055,1751057,OK,256,149
TIME,cleanup,free,128,1755436,1755438,OK,256,150
TIME,cleanup,free,128,1759818,1759820,OK,256,151
TIME,cleanup,free,128,1764199,1764201,OK,256,152
TIME,cleanup,free,128,1768580,1768583,OK,256,153
TIME,cleanup,free,128,1772962,1772964,OK,256,154
TIME,cleanup,free,128,1777344,1777346,OK,256,155
TIME,cleanup,free,128,1781726,1781728,OK,256,156
TIME,cleanup,free,128,1786108,1786110,OK,256,157
TIME,cleanup,free,128,1790489,1790492,OK,256,158
TIME,cleanup,free,128,1794871,1794873,OK,256,159
TIME,cleanup,free,128,1799252,1799254,OK,256,160
TIME,cleanup,free,128,1803633,1803636,OK,256,161
TIME,cleanup,free,128,1808015,1808017,OK,256,162
TIME,cleanup,free,128,1812396,1812398,OK,256,163
TIME,cleanup,free,128,1816778,1816780,OK,256,164
TIME,cleanup,free,128,1821159,1821161,OK,256,165
TIME,cleanup,free,128,1825540,1825543,OK,256,166
TIME,cleanup,free,128,1829922,1829924,OK,256,167
TIME,cleanup,free,128,1834304,1834306,OK,256,168
TIME,cleanup,free,128,1838685,1838687,OK,256,169
TIME,cleanup,free,128,1843067,1843069,OK,256,170
TIME,cleanup,free,128,1847448,1847450,OK,256,171
TIME,cleanup,free,128,1851829,1851832,OK,256,172
TIME,cleanup,free,128,1856211,1856213,OK,256,173
TIME,cleanup,free,128,1860592,1860594,OK,256,174
TIME,cleanup,free,128,1864973,1864975,OK,256,175
TIME,cleanup,free,128,1869355,1869357,OK,256,176
TIME,cleanup,free,128,1873736,1873738,OK,256,177
TIME,cleanup,free,128,1878117,1878119,OK,256,178
TIME,cleanup,free,128,1882499,1882501,OK,256,179
TIME,cleanup,free,128,1886880,1886882,OK,256,180
TIME,cleanup,free,128,1891262,1891264,OK,256,181
TIME,cleanup,free,128,1895643,1895645,OK,256,182
TIME,cleanup,free,128,1900025,1900027,OK,256,183
TIME,cleanup,free,128,1904406,1904408,OK,256,184
TIME,cleanup,free,128,1908787,1908789,OK,256,185
TIME,cleanup,free,128,1913169,1913171,OK,256,186
TIME,cleanup,free,128,1917550,1917552,OK,256,187
TIME,cleanup,free,128,1921931,1921933,OK,256,188
TIME,cleanup,free,128,1926313,1926315,OK,256,189
TIME,cleanup,free,128,1930694,1930696,OK,256,190
TIME,cleanup,free,128,1935076,1935078,OK,256,191
TIME,cleanup,free,128,1939458,1939460,OK,256,192
TIME,cleanup,free,128,1943839,1943841,OK,256,193
TIME,cleanup,free,128,1948221,1948223,OK,256,194
TIME,cleanup,free,128,1952602,1952604,OK,256,195
TIME,cleanup,free,128,1956983,1956986,OK,256,196
TIME,cleanup,free,128,1961365,1961367,OK,256,197
TIME,cleanup,free,128,1965746,1965749,OK,256,198
TIME,cleanup,free,128,1970128,1970130,OK,256,199
TIME,cleanup,free,128,1974509,1974511,OK,256,200
TIME,cleanup,free,128,1978890,1978893,OK,256,201
TIME,cleanup,free,128,1983272,1983274,OK,256,202
TIME,cleanup,free,128,1987653,1987655,OK,256,203
TIME,cleanup,free,128,1992034,1992036,OK,256,204
TIME,cleanup,free,128,1996416,1996418,OK,256,205
TIME,cleanup,free,128,2000797,2000800,OK,256,206
TIME,cleanup,free,128,2005179,2005181,OK,256,207
TIME,cleanup,free,128,2009560,2009562,OK,256,208
TIME,cleanup,free,128,2013942,2013944,OK,256,209
TIME,cleanup,free,128,2018324,2018326,OK,256,210
TIME,cleanup,free,128,2022705,2022707,OK,256,211
TIME,cleanup,free,128,2027086,2027088,OK,256,212
TIME,cleanup,free,128,2031468,2031470,OK,256,213
TIME,cleanup,free,128,2035849,2035852,OK,256,214
TIME,cleanup,free,128,2040231,2040233,OK,256,215
TIME,cleanup,free,128,2044612,2044614,OK,256,216
TIME,cleanup,free,128,2048993,2048995,OK,256,217
TIME,cleanup,free,128,2053375,2053377,OK,256,218
TIME,cleanup,free,128,2057756,2057759,OK,256,219
TIME,cleanup,free,128,2062138,2062140,OK,256,220
TIME,cleanup,free,128,2066520,2066522,OK,256,221
TIME,cleanup,free,128,2070901,2070903,OK,256,222
TIME,cleanup,free,128,2075283,2075285,OK,256,223
TIME,cleanup,free,128,2079664,2079666,OK,256,224
TIME,cleanup,free,128,2084046,2084048,OK,256,225
TIME,cleanup,free,128,2088427,2088429,OK,256,226
TIME,cleanup,free,128,2092809,2092811,OK,256,227
TIME,cleanup,free,128,2097191,2097193,OK,256,228
TIME,cleanup,free,128,2101572,2101574,OK,256,229
TIME,cleanup,free,128,2105954,2105956,OK,256,230
TIME,cleanup,free,128,2110335,2110337,OK,256,231
TIME,cleanup,free,128,2114717,2114719,OK,256,232
TIME,cleanup,free,128,2119098,2119101,OK,256,233
TIME,cleanup,free,128,2123480,2123482,OK,256,234
TIME,cleanup,free,128,2127862,2127864,OK,256,235
TIME,cleanup,free,128,2132244,2132246,OK,256,236
TIME,cleanup,free,128,2136625,2136627,OK,256,237
TIME,cleanup,free,128,2141007,2141009,OK,256,238
TIME,cleanup,free,128,2145388,2145391,OK,256,239
TIME,cleanup,free,128,2149770,2149772,OK,256,240
TIME,cleanup,free,128,2154152,2154154,OK,256,241
TIME,cleanup,free,128,2158533,2158536,OK,256,242
TIME,cleanup,free,128,2162915,2162917,OK,256,243
TIME,cleanup,free,128,2167304,2167306,OK,256,244
TIME,cleanup,free,128,2171686,2171688,OK,256,245
TIME,cleanup,free,128,2176067,2176070,OK,256,246
TIME,cleanup,free,128,2180449,2180451,OK,256,247
TIME,cleanup,free,128,2184831,2184833,OK,256,248
TIME,cleanup,free,128,2189212,2189215,OK,256,249
TIME,cleanup,free,128,2193594,2193596,OK,256,250
TIME,cleanup,free,128,2197975,2197978,OK,256,251
TIME,cleanup,free,128,2202357,2202359,OK,256,252
TIME,cleanup,free,128,2206739,2206741,OK,256,253
TIME,cleanup,free,128,2211120,2211122,OK,256,254
TIME,cleanup,free,128,2215502,2215504,OK,256,255
TIME,cleanup,free,128,2219883,2219885,OK,256,256
SNAP,post_cleanup,32768,0,32768
